ankit,-0.10996527224779129,-0.1110338643193245,-0.08691930025815964,-0.031276408582925797,0.1214909628033638,-0.09663661569356918,-0.10271772742271423,0.09399588406085968,0.06578884273767471,-0.0799998939037323,0.037414420396089554,-0.11866287887096405,0.03567088395357132,-0.10917064547538757,-0.11149803549051285,-0.11303377896547318,-0.1389133632183075,-0.0953340232372284,-0.023843510076403618,-0.056993842124938965,0.07392995059490204,-0.09129025042057037,0.0161052867770195,0.14103779196739197,-0.10996152460575104,0.00973061379045248,0.009045771323144436,0.1023603156208992,-0.03523092344403267,-0.13273918628692627,0.1314997673034668,0.035096798092126846,0.08532345294952393,0.14401674270629883,-0.10460745543241501,0.049000974744558334,-0.13527797162532806,0.07284224778413773,-0.11728336662054062,-0.03772677481174469,-0.11093073338270187,0.1359841525554657,-0.14064539968967438,-0.05107875168323517,0.06515808403491974,-0.0956256315112114,0.12525007128715515,-0.14393649995326996,0.006587561219930649,0.10473205149173737,0.10397519916296005,-0.0796506330370903,0.07289055734872818,-0.10907259583473206,-0.0210775937885046,0.07233837246894836,-0.05293453857302666,0.09316711872816086,0.0915069729089737,0.14589108526706696,0.13575103878974915,-0.015506372787058353,-0.07130126655101776,0.09774799644947052,0.014341910369694233,-0.052877187728881836,0.0387885756790638,-0.04461969807744026,-0.10094994306564331,0.022265145555138588,0.12553629279136658,0.12333928793668747,-0.10869984328746796,-0.13724930584430695,-0.13460837304592133,0.1270788013935089,0.06163704767823219,0.061412449926137924,-0.02859652042388916,-0.039790842682123184,0.14169657230377197,-0.04227299615740776,0.09028052538633347,0.07092774659395218,-0.1266355812549591,0.1405724138021469,-0.13313360512256622,0.10024707019329071,0.1275845766067505,0.042209088802337646,-0.0006235429318621755,0.14063552021980286,0.0651470422744751,0.0029052398167550564,0.02366570569574833,-0.11721346527338028,0.08741156756877899,-0.03045899234712124,-0.06729061156511307,0.07575260102748871,-0.021889029070734978,-0.01975650154054165,0.101181261241436,0.10957550257444382,0.05993082374334335,0.015282322652637959,-0.005554250907152891,-0.08858930319547653,0.08283261954784393,0.014921288937330246,-0.12483134120702744,-0.1112445592880249,-0.03599993512034416,-0.09991461038589478,0.029446564614772797,0.06016591191291809,-0.013998791575431824,-0.009448777884244919,-0.0358893945813179,-0.0023766427766531706,-0.041270188987255096,0.014369196258485317,0.12016279250383377,0.06261223554611206,0.02927989326417446,-0.036398060619831085,-0.013713175430893898,-0.1315312683582306,name,emb_0,emb_1,emb_2,emb_3,emb_4,emb_5,emb_6,emb_7,emb_8,emb_9,emb_10,emb_11,emb_12,emb_13,emb_14,emb_15,emb_16,emb_17,emb_18,emb_19,emb_20,emb_21,emb_22,emb_23,emb_24,emb_25,emb_26,emb_27,emb_28,emb_29,emb_30,emb_31,emb_32,emb_33,emb_34,emb_35,emb_36,emb_37,emb_38,emb_39,emb_40,emb_41,emb_42,emb_43,emb_44,emb_45,emb_46,emb_47,emb_48,emb_49,emb_50,emb_51,emb_52,emb_53,emb_54,emb_55,emb_56,emb_57,emb_58,emb_59,emb_60,emb_61,emb_62,emb_63,emb_64,emb_65,emb_66,emb_67,emb_68,emb_69,emb_70,emb_71,emb_72,emb_73,emb_74,emb_75,emb_76,emb_77,emb_78,emb_79,emb_80,emb_81,emb_82,emb_83,emb_84,emb_85,emb_86,emb_87,emb_88,emb_89,emb_90,emb_91,emb_92,emb_93,emb_94,emb_95,emb_96,emb_97,emb_98,emb_99,emb_100,emb_101,emb_102,emb_103,emb_104,emb_105,emb_106,emb_107,emb_108,emb_109,emb_110,emb_111,emb_112,emb_113,emb_114,emb_115,emb_116,emb_117,emb_118,emb_119,emb_120,emb_121,emb_122,emb_123,emb_124,emb_125,emb_126,emb_127
ankit,-0.1099594756960868,-0.1110327765345573,-0.0869166105985641,-0.031274989247322,0.1214908361434936,-0.0966329872608184,-0.1027174144983291,0.0940014496445655,0.0657987371087074,-0.0800022706389427,0.0374177955090999,-0.1186611801385879,0.0356664098799228,-0.1091688051819801,-0.1115021258592605,-0.1130307242274284,-0.1389139145612716,-0.095333032310009,-0.023840507492423,-0.0570003576576709,0.0739244148135185,-0.091290108859539,0.0161130614578723,0.1410391926765442,-0.1099585741758346,0.0097317984327673,0.0090513629838824,0.1023557633161544,-0.0352224446833133,-0.132737398147583,0.1315127611160278,0.035094853490591,0.0853157341480255,0.1440185904502868,-0.1046136915683746,0.0490007512271404,-0.1352738291025161,0.0728380307555198,-0.117275059223175,-0.0377266258001327,-0.1109353303909301,0.135991171002388,-0.1406500339508056,-0.0510877817869186,0.065161108970642,-0.0956283584237098,0.1252539902925491,-0.1439399123191833,0.0065870145335793,0.1047365739941597,0.1039743199944496,-0.07964488863945,0.072884626686573,-0.1090775355696678,-0.0210857447236776,0.0723401084542274,-0.0529420487582683,0.0931659191846847,0.091509036719799,0.1458801180124282,0.1357496827840805,-0.0155092049390077,-0.0713069438934326,0.0977476984262466,0.0143377007916569,-0.0528752319514751,0.0387823544442653,-0.0446183197200298,-0.1009527221322059,0.0222609099000692,0.1255326718091964,0.1233378946781158,-0.1086980402469635,-0.1372446417808532,-0.134619727730751,0.1270782202482223,0.0616375021636486,0.0614126734435558,-0.0286000221967697,-0.0397930741310119,0.1416907310485839,-0.0422724224627018,0.09027861058712,0.0709273815155029,-0.1266398429870605,0.1405641138553619,-0.1331315338611602,0.100257322192192,0.1275829225778579,0.0422149002552032,-0.0006363782449625,0.1406354159116745,0.0651575028896331,0.0029023147653788,0.0236697010695934,-0.1172184944152832,0.0874086990952491,-0.0304527524858713,-0.0672970041632652,0.0757537335157394,-0.0219090543687343,-0.0197472050786018,0.1011865884065628,0.1095729619264602,0.059929821640253,0.0152802532538771,-0.0055478564463555,-0.0885859727859497,0.0828376710414886,0.0149195436388254,-0.12481739372015,-0.1112392544746398,-0.0359987616539001,-0.0999171510338783,0.0294473264366388,0.0601561926305294,-0.0140004642307758,-0.0094494288787245,-0.035886775702238,-0.0023744588252156,-0.0412664376199245,0.0143673764541745,0.120161660015583,0.0626144036650657,0.0292902067303657,-0.0363971963524818,-0.0137093355879187,-0.1315295696258545,,,,,,,,,,,,,,,,,,,,,,,,,,,,,,,,,,,,,,,,,,,,,,,,,,,,,,,,,,,,,,,,,,,,,,,,,,,,,,,,,,,,,,,,,,,,,,,,,,,,,,,,,,,,,,,,,,,,,,,,,,,,,,,,,
ankit,-0.109961025416851,-0.1110356524586677,-0.0869107991456985,-0.03127371519804,0.1214789524674415,-0.0966341495513916,-0.1027138829231262,0.0939966812729835,0.0657885149121284,-0.0799990445375442,0.037422802299261,-0.1186710447072982,0.035669095814228,-0.1091678217053413,-0.1115012094378471,-0.1130302399396896,-0.1389116197824478,-0.0953312069177627,-0.0238457527011632,-0.0569972246885299,0.073937714099884,-0.0912889838218689,0.0161105394363403,0.1410408616065979,-0.1099617630243301,0.0097269918769598,0.0090434066951274,0.1023613885045051,-0.0352246910333633,-0.1327320337295532,0.1315025985240936,0.03508972376585,0.0853242576122284,0.1440176963806152,-0.1046031489968299,0.0490047708153724,-0.1352725028991699,0.0728467851877212,-0.1172866225242614,-0.0377239100635051,-0.1109335049986839,0.1359917074441909,-0.1406409740447998,-0.0510820113122463,0.0651561319828033,-0.0956280827522277,0.1252501457929611,-0.1439360231161117,0.0065923230722546,0.1047226712107658,0.1039776429533958,-0.0796548500657081,0.0728870630264282,-0.1090743541717529,-0.021075440570712,0.0723428577184677,-0.0529264919459819,0.0931750833988189,0.0915031284093856,0.1458888202905655,0.1357588171958923,-0.0155045902356505,-0.0713006258010864,0.0977529659867286,0.0143364556133747,-0.0528767816722393,0.0387870371341705,-0.0446159467101097,-0.1009522676467895,0.022270280867815,0.1255353987216949,0.1233443245291709,-0.1087055727839469,-0.1372531652450561,-0.1346072703599929,0.127089262008667,0.0616384707391262,0.0614140890538692,-0.0285961236804723,-0.0397923029959201,0.1416908204555511,-0.0422693528234958,0.0902841836214065,0.0709244683384895,-0.1266334503889084,0.1405672281980514,-0.133126825094223,0.1002535670995712,0.1275821179151535,0.0422119684517383,-0.000630491587799,0.1406414061784744,0.0651451349258422,0.0029132978525012,0.0236719958484172,-0.1172109469771385,0.0874063745141029,-0.0304550044238567,-0.0672896951436996,0.0757581889629364,-0.0218886118382215,-0.0197575762867927,0.101180575788021,0.1095756813883781,0.0599312111735343,0.0152876079082489,-0.005540257319808,-0.0885922759771347,0.082829050719738,0.0149136614054441,-0.1248326897621154,-0.1112463623285293,-0.0359954237937927,-0.0999167039990425,0.0294488947838544,0.0601712130010128,-0.0139956893399357,-0.0094439415261149,-0.0358883216977119,-0.0023733407724648,-0.0412796288728714,0.0143721727654337,0.1201600432395935,0.0626095980405807,0.0292797069996595,-0.0363966785371303,-0.013709251768887,-0.1315272003412246,,,,,,,,,,,,,,,,,,,,,,,,,,,,,,,,,,,,,,,,,,,,,,,,,,,,,,,,,,,,,,,,,,,,,,,,,,,,,,,,,,,,,,,,,,,,,,,,,,,,,,,,,,,,,,,,,,,,,,,,,,,,,,,,,
ankit,-0.1099641397595405,-0.1110331490635871,-0.0869206041097641,-0.0312779247760772,0.1214944571256637,-0.0966342166066169,-0.1027182340621948,0.0940002873539924,0.0657875463366508,-0.0799985453486442,0.0374191030859947,-0.1186611652374267,0.0356677584350109,-0.1091691702604293,-0.1115013882517814,-0.1130299717187881,-0.1389154642820358,-0.0953278839588165,-0.0238470789045095,-0.0570006929337978,0.0739292353391647,-0.0912958979606628,0.0161083918064832,0.1410402059555053,-0.1099589765071868,0.0097238263115286,0.0090492293238639,0.1023546457290649,-0.0352209769189357,-0.132737398147583,0.131505087018013,0.0350973233580589,0.0853169113397598,0.1440142542123794,-0.1046098843216896,0.0490003861486911,-0.1352752447128296,0.0728441029787063,-0.1172801032662391,-0.0377243869006633,-0.1109342873096466,0.135986715555191,-0.1406446695327758,-0.0510825850069522,0.0651573166251182,-0.0956335589289665,0.1252508461475372,-0.1439406424760818,0.0065853288397192,0.1047323122620582,0.1039761155843734,-0.0796539112925529,0.0728891268372535,-0.109081245958805,-0.0210767611861228,0.0723397135734558,-0.0529349744319915,0.0931598246097564,0.0915040373802185,0.1458894312381744,0.135750725865364,-0.0155084878206253,-0.0713024735450744,0.0977451130747795,0.0143379671499133,-0.0528750345110893,0.0387872047722339,-0.0446268878877162,-0.1009486690163612,0.0222569610923528,0.125541865825653,0.1233449503779411,-0.1087060049176216,-0.1372402906417846,-0.1346148550510406,0.1270797848701477,0.0616310089826583,0.0614097937941551,-0.0285994186997413,-0.0397933796048164,0.1416923105716705,-0.0422722548246383,0.0902845039963722,0.070917323231697,-0.1266338974237442,0.1405715048313141,-0.1331362575292587,0.1002495214343071,0.1275810152292251,0.0422112978994846,-0.0006215539760887,0.1406389772891998,0.0651513859629631,0.002910402836278,0.0236631911247968,-0.1172196939587593,0.0874058082699775,-0.0304571073502302,-0.0672928243875503,0.0757462382316589,-0.0218982510268688,-0.0197503138333559,0.1011835560202598,0.1095727756619453,0.0599276944994926,0.0152840372174978,-0.0055524595081806,-0.0885947570204734,0.0828272700309753,0.0149233471602201,-0.1248209774494171,-0.1112483069300651,-0.0360019393265247,-0.0999188348650932,0.0294446423649787,0.060163740068674,-0.0139987869188189,-0.009444654919207,-0.0358823873102664,-0.0023765892256051,-0.0412761904299259,0.0143699869513511,0.1201609894633293,0.0626094788312912,0.0292829144746065,-0.0363969281315803,-0.0137085728347301,-0.1315258741378784,,,,,,,,,,,,,,,,,,,,,,,,,,,,,,,,,,,,,,,,,,,,,,,,,,,,,,,,,,,,,,,,,,,,,,,,,,,,,,,,,,,,,,,,,,,,,,,,,,,,,,,,,,,,,,,,,,,,,,,,,,,,,,,,,
ankit,-0.1099637001752853,-0.1110301464796066,-0.0869208052754402,-0.0312780290842056,0.1214859634637832,-0.0966386497020721,-0.1027263849973678,0.0940001308917999,0.065789557993412,-0.0800005570054054,0.0374120697379112,-0.1186637729406356,0.0356697477400302,-0.1091667488217353,-0.1114993020892143,-0.1130342632532119,-0.1389137208461761,-0.0953311920166015,-0.0238419380038976,-0.056997537612915,0.0739289969205856,-0.0912918150424957,0.0161037966609001,0.1410379260778427,-0.1099621132016182,0.0097289225086569,0.0090500740334391,0.1023607403039932,-0.0352189354598522,-0.1327404081821441,0.131499782204628,0.0350927673280239,0.0853312760591507,0.1440204679965973,-0.1046058163046836,0.0489992201328277,-0.1352737993001938,0.0728469863533973,-0.1172821223735809,-0.0377253517508506,-0.1109363064169883,0.135986790060997,-0.1406421959400177,-0.0510845147073268,0.0651601999998092,-0.095627412199974,0.1252486854791641,-0.1439341455698013,0.0065811364911496,0.1047297045588493,0.1039746403694152,-0.0796533599495887,0.0728903263807296,-0.109067901968956,-0.0210773069411516,0.0723370015621185,-0.0529288575053215,0.0931707620620727,0.0915091335773468,0.1458859890699386,0.1357526928186416,-0.0155097879469394,-0.0713015124201774,0.0977496057748794,0.0143389534205198,-0.0528760179877281,0.038789328187704,-0.0446285940706729,-0.1009499430656433,0.0222639832645654,0.1255375891923904,0.1233352795243263,-0.108699232339859,-0.1372404545545578,-0.1346119046211242,0.1270802915096283,0.0616343170404434,0.0614080764353275,-0.0285960640758276,-0.0397885665297508,0.1416952610015869,-0.0422678627073764,0.09028110653162,0.0709308832883834,-0.1266373395919799,0.1405709683895111,-0.1331318020820617,0.1002453714609146,0.1275848895311355,0.042213324457407,-0.0006273709004744,0.1406402736902237,0.0651517137885093,0.0029065981507301,0.0236742217093706,-0.1172130107879638,0.0874171182513237,-0.030454646795988,-0.067292109131813,0.075758121907711,-0.0218932162970304,-0.0197538286447525,0.1011757105588913,0.1095746308565139,0.0599272176623344,0.0152872717007994,-0.0055503407493233,-0.0885903239250183,0.0828309059143066,0.0149206295609474,-0.1248357743024826,-0.1112398505210876,-0.0359967537224292,-0.0999155342578888,0.029449064284563,0.0601681731641292,-0.0139950662851333,-0.0094506423920392,-0.0358887165784835,-0.0023778043687343,-0.0412657968699932,0.0143709620460867,0.1201579645276069,0.0626104623079299,0.0292794127017259,-0.0363981947302818,-0.0137138767167925,-0.1315361857414245,,,,,,,,,,,,,,,,,,,,,,,,,,,,,,,,,,,,,,,,,,,,,,,,,,,,,,,,,,,,,,,,,,,,,,,,,,,,,,,,,,,,,,,,,,,,,,,,,,,,,,,,,,,,,,,,,,,,,,,,,,,,,,,,,
ankit,-0.10996675491333,-0.1110359877347946,-0.0869147479534149,-0.0312719717621803,0.1214751750230789,-0.0966325253248214,-0.1027127876877784,0.0939992666244506,0.0657896324992179,-0.0800008922815322,0.0374197661876678,-0.1186725720763206,0.0356666222214698,-0.1091711595654487,-0.1115019172430038,-0.1130321696400642,-0.1389141976833343,-0.0953277796506881,-0.0238421335816383,-0.0569983571767807,0.0739339366555213,-0.091288261115551,0.0161071196198463,0.1410380601882934,-0.1099579259753227,0.009729248471558,0.0090503813698887,0.102356806397438,-0.0352218002080917,-0.1327340602874755,0.1315096467733383,0.0350886732339859,0.085325039923191,0.1440209448337555,-0.1046042814850807,0.0489963740110397,-0.1352722644805908,0.0728482827544212,-0.1172917857766151,-0.0377224460244178,-0.1109309121966362,0.1359926015138626,-0.1406372338533401,-0.0510792769491672,0.0651581585407257,-0.0956276133656501,0.1252492219209671,-0.1439372450113296,0.0065918182954192,0.1047195047140121,0.10397869348526,-0.079649731516838,0.0728877782821655,-0.1090704649686813,-0.0210766717791557,0.0723448768258094,-0.0529293976724147,0.0931728705763816,0.0915083438158035,0.1458845138549804,0.1357554644346237,-0.0155047001317143,-0.0712991580367088,0.0977545455098152,0.0143377240747213,-0.0528724044561386,0.0387836433947086,-0.0446183644235134,-0.1009507700800895,0.0222738105803728,0.1255329549312591,0.1233393996953964,-0.1087050214409828,-0.1372513473033905,-0.1346065998077392,0.1270870566368103,0.0616394840180873,0.0614124499261379,-0.028596194460988,-0.0397919900715351,0.1416983902454376,-0.0422671623528003,0.090284951031208,0.0709244981408119,-0.1266300678253173,0.1405647993087768,-0.1331274658441543,0.1002545058727264,0.1275810003280639,0.0422140061855316,-0.0006307408912107,0.1406436115503311,0.0651422590017318,0.0029082936234772,0.0236763916909694,-0.1172077879309654,0.0874087139964103,-0.0304531976580619,-0.0672993957996368,0.0757554545998573,-0.0218950286507606,-0.0197591539472341,0.1011780276894569,0.1095742136240005,0.0599302053451538,0.0152853792533278,-0.0055350987240672,-0.0885935872793197,0.0828341096639633,0.0149168642237782,-0.1248358860611915,-0.1112505048513412,-0.0359958484768867,-0.0999210029840469,0.0294461902230978,0.060166198760271,-0.0139932781457901,-0.009443724527955,-0.0358933433890342,-0.0023771689739078,-0.041273046284914,0.0143732912838459,0.1201608777046203,0.0626093745231628,0.0292836241424083,-0.0364005081355571,-0.0137053532525897,-0.1315284371376037,,,,,,,,,,,,,,,,,,,,,,,,,,,,,,,,,,,,,,,,,,,,,,,,,,,,,,,,,,,,,,,,,,,,,,,,,,,,,,,,,,,,,,,,,,,,,,,,,,,,,,,,,,,,,,,,,,,,,,,,,,,,,,,,,
ankit,-0.1099598631262779,-0.1110388785600662,-0.0869212001562118,-0.0312732905149459,0.1214917749166488,-0.096636526286602,-0.1027178168296814,0.0939977318048477,0.0657941251993179,-0.080002449452877,0.0374143421649932,-0.1186638474464416,0.0356657318770885,-0.1091677099466323,-0.1115049570798873,-0.1130335479974746,-0.1389137804508209,-0.0953300520777702,-0.0238390266895294,-0.0570026561617851,0.0739242807030677,-0.0912918150424957,0.0161120630800724,0.1410384625196457,-0.1099585816264152,0.0097299190238118,0.0090473601594567,0.1023506298661232,-0.035223476588726,-0.1327350735664367,0.1315073072910308,0.0350963659584522,0.0853148326277732,0.1440174281597137,-0.1046079993247985,0.0490035153925418,-0.1352740824222564,0.0728411078453064,-0.117278829216957,-0.0377298854291439,-0.1109344661235809,0.1359904408454895,-0.1406500488519668,-0.051089234650135,0.065162755548954,-0.0956294015049934,0.1252487599849701,-0.1439368724822998,0.0065861521288752,0.1047348231077194,0.1039716452360153,-0.0796483755111694,0.0728904381394386,-0.1090810596942901,-0.0210822150111198,0.0723408758640289,-0.052941758185625,0.093164823949337,0.0915044546127319,0.1458830088376999,0.1357493996620178,-0.0155086955055594,-0.0713085681200027,0.0977456346154213,0.0143420314416289,-0.0528778620064258,0.0387871079146862,-0.0446194298565387,-0.1009502038359642,0.0222574956715106,0.1255375891923904,0.1233386024832725,-0.1086985170841217,-0.1372469365596771,-0.1346189081668853,0.1270800083875656,0.0616344399750232,0.0614106655120849,-0.0285986140370368,-0.0397926233708858,0.1416898667812347,-0.0422692149877548,0.0902834236621856,0.0709251388907432,-0.1266354024410247,0.1405720263719558,-0.1331295818090438,0.1002517417073249,0.1275797933340072,0.0422154888510704,-0.0006322309491224,0.1406404078006744,0.0651573538780212,0.0029041022062301,0.0236674211919307,-0.1172160804271698,0.0874098613858223,-0.0304551366716623,-0.0672983154654502,0.0757531523704528,-0.0219046995043754,-0.0197514872997999,0.1011864095926284,0.1095696091651916,0.0599289163947105,0.015284813940525,-0.005550323985517,-0.0885846093297004,0.0828313902020454,0.0149223320186138,-0.1248204559087753,-0.1112395524978637,-0.0359972678124904,-0.0999121069908142,0.0294476244598627,0.0601609759032726,-0.0140023501589894,-0.0094477366656064,-0.0358914546668529,-0.0023751873522996,-0.0412660203874111,0.0143712684512138,0.1201606318354606,0.0626106560230255,0.0292933247983455,-0.0363983809947967,-0.0137094892561435,-0.1315342336893081,,,,,,,,,,,,,,,,,,,,,,,,,,,,,,,,,,,,,,,,,,,,,,,,,,,,,,,,,,,,,,,,,,,,,,,,,,,,,,,,,,,,,,,,,,,,,,,,,,,,,,,,,,,,,,,,,,,,,,,,,,,,,,,,,
ankit,-0.1099614799022674,-0.1110283285379409,-0.0869159549474716,-0.0312717892229557,0.1214872151613235,-0.096636988222599,-0.1027173995971679,0.0939965099096298,0.0657940804958343,-0.0799967497587204,0.0374166220426559,-0.1186622306704521,0.0356687232851982,-0.1091659218072891,-0.1115012317895889,-0.1130304783582687,-0.1389136910438537,-0.0953342914581298,-0.0238463710993528,-0.0569977238774299,0.0739329159259796,-0.0912849977612495,0.0161129459738731,0.1410415321588516,-0.1099548488855362,0.0097263567149639,0.0090483296662569,0.1023596450686454,-0.0352248400449752,-0.1327361166477203,0.131505087018013,0.0350921936333179,0.0853210687637329,0.1440190821886062,-0.1046061739325523,0.0490004457533359,-0.1352798491716385,0.0728442072868347,-0.1172832325100898,-0.0377241745591163,-0.1109286174178123,0.135984182357788,-0.1406411677598953,-0.0510851107537746,0.0651584193110466,-0.0956286340951919,0.1252437829971313,-0.1439386159181594,0.0065891426056623,0.1047301515936851,0.1039772406220436,-0.0796551629900932,0.0728880912065506,-0.1090725511312484,-0.0210702940821647,0.0723370537161827,-0.0529336296021938,0.0931691974401474,0.0915112867951393,0.1458815783262252,0.1357547342777252,-0.0155100841075181,-0.0713006258010864,0.0977502167224884,0.014341227710247,-0.0528808385133743,0.0387836955487728,-0.04462531208992,-0.1009489744901657,0.0222631935030221,0.125535562634468,0.1233413368463516,-0.1087070032954216,-0.1372465044260025,-0.1346106678247451,0.1270810812711715,0.0616363137960433,0.0614114291965961,-0.0285988450050354,-0.0397925600409507,0.1416984051465988,-0.0422754362225532,0.0902869179844856,0.0709255039691925,-0.1266352236270904,0.1405720263719558,-0.1331363916397094,0.1002547889947891,0.1275883913040161,0.0422107093036174,-0.0006246896809898,0.1406365931034088,0.0651465430855751,0.0029094708152115,0.0236655138432979,-0.1172063425183296,0.0874141752719879,-0.0304574016481637,-0.0672906190156936,0.0757521986961364,-0.0218943413347005,-0.0197635032236576,0.1011772230267524,0.1095776632428169,0.0599300637841224,0.0152816530317068,-0.0055456040427088,-0.0885902196168899,0.0828315839171409,0.0149209639057517,-0.1248296275734901,-0.1112470552325248,-0.0360013842582702,-0.0999189466238021,0.0294445324689149,0.0601668208837509,-0.0139985075220465,-0.0094490488991141,-0.0358892232179641,-0.0023748695384711,-0.0412737317383289,0.0143709061667323,0.120161049067974,0.0626104772090911,0.0292763952165842,-0.0363961160182952,-0.0137092191725969,-0.1315304934978485,,,,,,,,,,,,,,,,,,,,,,,,,,,,,,,,,,,,,,,,,,,,,,,,,,,,,,,,,,,,,,,,,,,,,,,,,,,,,,,,,,,,,,,,,,,,,,,,,,,,,,,,,,,,,,,,,,,,,,,,,,,,,,,,,
ankit,-0.1099649593234062,-0.1110309287905693,-0.0869210958480835,-0.0312749445438385,0.1214884221553802,-0.0966377854347229,-0.1027184203267097,0.0939971208572387,0.065791442990303,-0.0799929723143577,0.0374148115515708,-0.1186651140451431,0.0356682576239109,-0.1091651692986488,-0.1115015298128128,-0.1130342036485672,-0.1389164179563522,-0.0953321382403373,-0.0238440316170454,-0.0569986402988433,0.0739288032054901,-0.0912885963916778,0.0161090455949306,0.1410405039787292,-0.1099558845162391,0.0097273848950862,0.0090499063953757,0.1023586392402648,-0.0352239683270454,-0.1327365636825561,0.1315041333436966,0.0350935943424701,0.0853226110339164,0.1440191268920898,-0.1046095117926597,0.0489996708929538,-0.1352741569280624,0.0728445053100586,-0.1172836199402809,-0.0377227701246738,-0.1109303832054138,0.1359853595495224,-0.1406420171260833,-0.051087312400341,0.065158911049366,-0.0956243351101875,0.1252474039793014,-0.1439375579357147,0.0065883519127964,0.104730911552906,0.1039785742759704,-0.0796553641557693,0.0728865563869476,-0.1090739592909812,-0.0210737008601427,0.0723378807306289,-0.0529300831258297,0.093171089887619,0.0915100872516632,0.145884558558464,0.1357554197311401,-0.0155060468241572,-0.0713033303618431,0.0977498292922973,0.0143407247960567,-0.0528769083321094,0.038787618279457,-0.0446246042847633,-0.1009501367807388,0.0222633834928274,0.1255345344543457,0.123340256512165,-0.1086995750665664,-0.1372429728507995,-0.1346123814582824,0.1270817518234253,0.061637807637453,0.0614069178700447,-0.02859628200531,-0.0397897064685821,0.1416944712400436,-0.0422681644558906,0.0902813822031021,0.0709252208471298,-0.1266375631093979,0.1405749320983886,-0.1331362426280975,0.1002497225999832,0.1275859773159027,0.0422083958983421,-0.0006286756834015,0.140636995434761,0.0651511549949646,0.0029085220303386,0.0236674528568983,-0.1172084808349609,0.0874176993966102,-0.0304561872035264,-0.067287839949131,0.075752206146717,-0.0218976270407438,-0.0197559483349323,0.1011771634221077,0.1095784604549408,0.0599281229078769,0.0152821596711874,-0.0055476194247603,-0.0885911285877227,0.0828332230448722,0.0149208148941397,-0.1248276084661483,-0.1112418621778488,-0.0359994247555732,-0.0999153330922126,0.0294458344578742,0.0601669549942016,-0.013997440226376,-0.0094491336494684,-0.0358929559588432,-0.0023760900367051,-0.041271086782217,0.0143734700977802,0.1201629564166069,0.0626109912991523,0.0292837973684072,-0.0363998226821422,-0.0137094017118215,-0.1315315067768097,,,,,,,,,,,,,,,,,,,,,,,,,,,,,,,,,,,,,,,,,,,,,,,,,,,,,,,,,,,,,,,,,,,,,,,,,,,,,,,,,,,,,,,,,,,,,,,,,,,,,,,,,,,,,,,,,,,,,,,,,,,,,,,,,
ankit,-0.1099604070186615,-0.1110345050692558,-0.0869200229644775,-0.0312740579247474,0.1214905008673667,-0.0966335833072662,-0.1027203723788261,0.0939975604414939,0.0657937973737716,-0.0800030604004859,0.0374169275164604,-0.118662416934967,0.0356658361852169,-0.1091676279902458,-0.111502431333065,-0.1130285710096359,-0.1389128118753433,-0.0953337997198104,-0.0238428376615047,-0.0570018105208873,0.0739246010780334,-0.0912911668419838,0.0161090996116399,0.1410362720489502,-0.1099595576524734,0.0097299655899405,0.0090457648038864,0.1023537665605545,-0.035223264247179,-0.1327394247055053,0.1315052658319473,0.0350950732827186,0.0853228494524955,0.1440171748399734,-0.1046132072806358,0.0490029379725456,-0.1352747231721878,0.0728414878249168,-0.1172773092985153,-0.0377247296273708,-0.110932357609272,0.1359859257936477,-0.1406479179859161,-0.0510842464864254,0.0651623830199241,-0.0956325158476829,0.1252462863922119,-0.1439416110515594,0.0065865372307598,0.1047349870204925,0.1039707362651825,-0.0796525403857231,0.072890430688858,-0.1090780347585678,-0.0210755597800016,0.0723391994833946,-0.0529352016746997,0.0931669771671295,0.091507576406002,0.145884558558464,0.1357471793889999,-0.0155119867995381,-0.0713011920452117,0.0977473333477974,0.0143369426950812,-0.0528766177594661,0.0387855283915996,-0.0446209907531738,-0.1009472832083702,0.022256476804614,0.125537484884262,0.1233411952853202,-0.1087025851011276,-0.1372454315423965,-0.1346180289983749,0.1270835995674133,0.0616336092352867,0.0614109709858894,-0.028601000085473,-0.0397900864481925,0.1416944414377212,-0.0422680526971817,0.0902830436825752,0.0709251314401626,-0.1266362220048904,0.1405729800462722,-0.1331307888031005,0.1002506986260414,0.1275801956653595,0.0422152280807495,-0.0006298196385614,0.1406350582838058,0.0651551187038421,0.0029046931304037,0.0236685667186975,-0.11721783131361,0.0874083936214447,-0.0304562263190746,-0.0672962516546249,0.0757535696029663,-0.0219021700322628,-0.0197515320032835,0.1011845022439956,0.1095702797174453,0.0599268265068531,0.0152856083586812,-0.0055467351339757,-0.0885895416140556,0.0828324928879737,0.0149258589372038,-0.1248268708586692,-0.1112439185380935,-0.0359962359070777,-0.0999147519469261,0.0294477380812168,0.0601652599871158,-0.0140016265213489,-0.0094465501606464,-0.0358896106481552,-0.0023760295007377,-0.0412717200815677,0.0143692698329687,0.1201596856117248,0.0626085996627807,0.0292839426547288,-0.0363961569964885,-0.0137049611657857,-0.1315305829048156,,,,,,,,,,,,,,,,,,,,,,,,,,,,,,,,,,,,,,,,,,,,,,,,,,,,,,,,,,,,,,,,,,,,,,,,,,,,,,,,,,,,,,,,,,,,,,,,,,,,,,,,,,,,,,,,,,,,,,,,,,,,,,,,,
ankit,-0.1099554002285003,-0.1110356599092483,-0.0869147777557373,-0.0312758348882198,0.1214779540896415,-0.0966364741325378,-0.1027140840888023,0.0939950421452522,0.0657932236790657,-0.0799950212240219,0.0374181717634201,-0.1186693459749221,0.0356695055961608,-0.1091664209961891,-0.1115038245916366,-0.1130300238728523,-0.1389136314392089,-0.0953261107206344,-0.0238478183746337,-0.0569982379674911,0.0739311724901199,-0.0912913084030151,0.0161076765507459,0.1410386562347412,-0.1099626123905181,0.0097276093438267,0.0090477913618087,0.1023574545979499,-0.0352238155901432,-0.1327352523803711,0.1315009891986847,0.0350894816219806,0.0853275805711746,0.1440178602933883,-0.1045992672443389,0.0490018986165523,-0.1352712661027908,0.0728463008999824,-0.1172855794429779,-0.0377210490405559,-0.1109378859400749,0.1359919607639312,-0.140646830201149,-0.0510822273790836,0.0651556551456451,-0.0956249833106994,0.1252536922693252,-0.1439364552497863,0.0065911272540688,0.1047206297516822,0.1039790734648704,-0.0796538069844245,0.07288508862257,-0.1090718731284141,-0.0210757572203874,0.0723417773842811,-0.0529314577579498,0.0931693390011787,0.0915020778775215,0.1458864063024521,0.1357551366090774,-0.0155029706656932,-0.0713004469871521,0.0977514311671257,0.014340940862894,-0.0528794340789318,0.038790825754404,-0.0446182340383529,-0.100951574742794,0.0222689621150493,0.1255331486463546,0.1233447566628456,-0.108704075217247,-0.1372515261173248,-0.1346065998077392,0.1270865201950073,0.0616402998566627,0.0614135116338729,-0.0285962559282779,-0.0397937819361686,0.1416913419961929,-0.042266596108675,0.090285800397396,0.0709212571382522,-0.1266353875398636,0.1405686140060424,-0.1331255882978439,0.1002543047070503,0.1275848448276519,0.0422127619385719,-0.000628492096439,0.1406435817480087,0.0651450306177139,0.0029116920195519,0.023674126714468,-0.1172093674540519,0.0874122306704521,-0.0304550435394048,-0.0672904625535011,0.0757566913962364,-0.0218948945403099,-0.0197560898959636,0.1011733710765838,0.1095788925886154,0.0599323585629463,0.0152884796261787,-0.0055417367257177,-0.0885947942733764,0.0828315094113349,0.0149165019392967,-0.1248291954398155,-0.1112464368343353,-0.0359999500215053,-0.099919356405735,0.0294452123343944,0.0601727180182933,-0.0139902252703905,-0.0094469711184501,-0.0358911119401454,-0.0023779892362654,-0.0412808135151863,0.0143743231892585,0.1201651617884635,0.0626081228256225,0.0292819216847419,-0.0364029072225093,-0.0137109942734241,-0.1315309107303619,,,,,,,,,,,,,,,,,,,,,,,,,,,,,,,,,,,,,,,,,,,,,,,,,,,,,,,,,,,,,,,,,,,,,,,,,,,,,,,,,,,,,,,,,,,,,,,,,,,,,,,,,,,,,,,,,,,,,,,,,,,,,,,,,
ankit,-0.1099644973874092,-0.1110302433371543,-0.0869196057319641,-0.0312769636511802,0.1214823871850967,-0.0966346934437751,-0.1027237921953201,0.0939993858337402,0.0657987371087074,-0.0800011977553367,0.0374166257679462,-0.1186641156673431,0.0356628037989139,-0.109173871576786,-0.1115029752254486,-0.1130321696400642,-0.1389185190200805,-0.0953265354037284,-0.0238459203392267,-0.0570051595568656,0.0739322155714035,-0.0912921875715255,0.0161001700907945,0.141034722328186,-0.1099640280008316,0.0097190011292696,0.0090485513210296,0.1023559495806694,-0.0352165102958679,-0.1327380388975143,0.1315061002969741,0.0350942127406597,0.0853296667337417,0.1440176218748092,-0.104602426290512,0.0489944256842136,-0.1352700144052505,0.0728431642055511,-0.1172840520739555,-0.0377200879156589,-0.1109333783388137,0.1359904557466507,-0.1406443864107132,-0.0510753318667411,0.0651540756225586,-0.0956289395689964,0.1252474337816238,-0.1439347118139267,0.0065898019820451,0.1047286018729209,0.1039778813719749,-0.0796568319201469,0.0728899762034416,-0.1090723201632499,-0.0210749525576829,0.0723397955298423,-0.0529292039573192,0.0931672677397728,0.0915101021528244,0.1458817422389984,0.1357476413249969,-0.0155070945620536,-0.0713022872805595,0.097755029797554,0.0143392644822597,-0.052879374474287,0.038788553327322,-0.0446277521550655,-0.1009526699781417,0.0222663953900337,0.1255334764719009,0.1233349218964576,-0.1087030991911888,-0.1372447162866592,-0.1346076279878616,0.1270843893289566,0.0616359896957874,0.0614143759012222,-0.0285937450826168,-0.0397934503853321,0.1416944712400436,-0.042263638228178,0.090285412967205,0.0709184631705284,-0.126639038324356,0.1405679434537887,-0.1331307142972946,0.1002463400363922,0.1275788843631744,0.042211391031742,-0.0006343608256429,0.140638843178749,0.0651525557041168,0.0029091243632137,0.0236671231687068,-0.1172142103314399,0.0874129012227058,-0.0304516591131687,-0.0672882795333862,0.0757599547505378,-0.0218949597328901,-0.0197549108415842,0.1011761054396629,0.1095811426639556,0.059938259422779,0.0152853894978761,-0.0055353371426463,-0.0885965675115585,0.0828340724110603,0.0149223282933235,-0.1248302087187767,-0.1112436801195144,-0.0359994694590568,-0.0999136641621589,0.0294395890086889,0.0601736307144165,-0.0139953820034861,-0.0094450982287526,-0.0358802787959575,-0.0023721386678516,-0.0412763841450214,0.0143698463216423,0.1201628595590591,0.062609001994133,0.0292846355587244,-0.0364039726555347,-0.0137150837108492,-0.1315316259860992,,,,,,,,,,,,,,,,,,,,,,,,,,,,,,,,,,,,,,,,,,,,,,,,,,,,,,,,,,,,,,,,,,,,,,,,,,,,,,,,,,,,,,,,,,,,,,,,,,,,,,,,,,,,,,,,,,,,,,,,,,,,,,,,,
ankit,-0.1099604293704032,-0.1110347807407379,-0.0869100913405418,-0.031276986002922,0.1214790940284729,-0.0966395065188407,-0.1027178540825843,0.0939965024590492,0.0657923966646194,-0.0799981281161308,0.0374180562794208,-0.1186710447072982,0.0356718264520168,-0.1091647893190383,-0.1115010678768158,-0.113028809428215,-0.1389133632183075,-0.0953301936388015,-0.0238456539809703,-0.0570026971399784,0.0739333480596542,-0.0912877172231674,0.0161094404757022,0.1410364806652069,-0.1099592670798301,0.0097266035154461,0.0090473992750048,0.1023569703102111,-0.0352243930101394,-0.1327354460954666,0.1315035670995712,0.0350878052413463,0.0853227823972702,0.1440202742815017,-0.1046038120985031,0.0490014553070068,-0.1352684497833252,0.0728445351123809,-0.1172890216112136,-0.0377201363444328,-0.110936589539051,0.1359942108392715,-0.1406431496143341,-0.0510843731462955,0.0651569813489914,-0.0956254601478576,0.1252537965774536,-0.1439392417669296,0.006591600831598,0.1047228351235389,0.1039800271391868,-0.0796545445919036,0.0728835687041282,-0.1090735420584678,-0.0210761837661266,0.0723435133695602,-0.052930861711502,0.0931733474135398,0.0915110036730766,0.1458892822265625,0.1357589364051818,-0.0155057506635785,-0.0713056474924087,0.0977508947253227,0.0143411895260214,-0.0528776496648788,0.0387870259582996,-0.0446226149797439,-0.1009488403797149,0.0222680456936359,0.1255363821983337,0.1233472153544426,-0.1086980998516082,-0.1372489482164383,-0.1346086263656616,0.1270817965269088,0.0616394579410553,0.0614146403968334,-0.0285967364907264,-0.0397930555045604,0.1416865736246109,-0.0422654412686824,0.0902819633483886,0.0709239244461059,-0.1266321539878845,0.1405706703662872,-0.1331278681755066,0.1002503484487533,0.127580851316452,0.0422082990407943,-0.0006306176073849,0.1406440138816833,0.06514373421669,0.002913788659498,0.0236739795655012,-0.1172073036432266,0.0874113366007804,-0.0304521825164556,-0.0672919973731041,0.0757564306259155,-0.0218971110880374,-0.0197578929364681,0.1011781767010688,0.1095797047019004,0.0599322691559791,0.0152856344357132,-0.0055383872240781,-0.0885895043611526,0.0828283801674842,0.0149176428094506,-0.1248300448060035,-0.111243650317192,-0.0359970852732658,-0.0999169498682022,0.0294449925422668,0.060168657451868,-0.0139947049319744,-0.0094501068815588,-0.0358875878155231,-0.0023812770377844,-0.0412773936986923,0.0143765183165669,0.1201633214950561,0.0626075342297554,0.0292828194797039,-0.0364027991890907,-0.0137108694761991,-0.1315301805734634,,,,,,,,,,,,,,,,,,,,,,,,,,,,,,,,,,,,,,,,,,,,,,,,,,,,,,,,,,,,,,,,,,,,,,,,,,,,,,,,,,,,,,,,,,,,,,,,,,,,,,,,,,,,,,,,,,,,,,,,,,,,,,,,,
ankit,-0.1099649667739868,-0.1110332533717155,-0.086920827627182,-0.0312743298709392,0.1214906126260757,-0.0966358408331871,-0.1027179285883903,0.0939970463514328,0.0657924264669418,-0.0799996107816696,0.0374155454337596,-0.1186568588018417,0.0356617681682109,-0.1091733202338218,-0.1115031167864799,-0.1130360439419746,-0.1389141082763672,-0.0953300669789314,-0.0238435752689838,-0.057000245898962,0.073927991092205,-0.091288574039936,0.0161177571862936,0.1410385072231292,-0.1099572479724884,0.0097305215895175,0.0090492404997348,0.1023558974266052,-0.0352219566702842,-0.1327378004789352,0.1315083056688308,0.0350991189479827,0.0853164792060852,0.1440210342407226,-0.1046093553304672,0.0489993467926979,-0.1352748870849609,0.0728399604558944,-0.1172787696123123,-0.0377248413860797,-0.1109262555837631,0.135987177491188,-0.1406466662883758,-0.0510842576622962,0.0651593059301376,-0.0956307053565979,0.1252442598342895,-0.1439411789178848,0.0065924688242375,0.1047354489564895,0.1039729714393615,-0.07964838296175,0.0728894397616386,-0.109080784022808,-0.0210776757448911,0.0723412036895752,-0.0529371947050094,0.0931648388504982,0.0915117412805557,0.1458837836980819,0.1357471197843551,-0.0155063141137361,-0.0713056549429893,0.0977435335516929,0.0143386730924248,-0.0528686232864856,0.0387884341180324,-0.0446259342133998,-0.1009496971964836,0.022261781617999,0.1255377382040023,0.1233380883932113,-0.1087063029408454,-0.1372413486242294,-0.1346176266670227,0.1270770877599716,0.0616357363760471,0.0614114701747894,-0.0285989250987768,-0.0397904329001903,0.1416969895362854,-0.0422740951180458,0.0902832597494125,0.0709208324551582,-0.1266343742609024,0.1405748128890991,-0.1331330239772796,0.100252017378807,0.1275812983512878,0.0422090031206607,-0.0006290610763244,0.1406352370977401,0.0651546865701675,0.002906063105911,0.0236661918461322,-0.1172143593430519,0.0874107927083969,-0.0304598622024059,-0.0672955140471458,0.0757522955536842,-0.0219011288136243,-0.0197497196495533,0.1011822894215583,0.1095809191465377,0.0599303990602493,0.0152824940159916,-0.005548563785851,-0.0885879769921302,0.0828315764665603,0.0149264764040708,-0.1248202174901962,-0.1112501248717308,-0.0360023416578769,-0.0999135598540306,0.0294491350650787,0.060164775699377,-0.0140024023130536,-0.0094500547274947,-0.0358854085206985,-0.0023748162202537,-0.0412700846791267,0.0143709471449255,0.1201629787683487,0.0626080110669136,0.029288625344634,-0.0363956205546855,-0.0137048922479152,-0.1315281093120575,,,,,,,,,,,,,,,,,,,,,,,,,,,,,,,,,,,,,,,,,,,,,,,,,,,,,,,,,,,,,,,,,,,,,,,,,,,,,,,,,,,,,,,,,,,,,,,,,,,,,,,,,,,,,,,,,,,,,,,,,,,,,,,,,
ankit,-0.1099655851721763,-0.1110274195671081,-0.0869177281856536,-0.0312776453793048,0.1214909851551055,-0.0966350212693214,-0.1027165427803993,0.0939953923225402,0.0657971426844596,-0.0799938142299652,0.0374136269092559,-0.11866495013237,0.0356689356267452,-0.1091676130890846,-0.1115003749728202,-0.1130337417125701,-0.1389157474040985,-0.0953307971358299,-0.0238480251282453,-0.0569962300360202,0.0739313662052154,-0.0912867859005928,0.016113094985485,0.141041025519371,-0.1099584028124809,0.0097248181700706,0.0090523390099406,0.1023608222603797,-0.03522440046072,-0.1327387392520904,0.1315024942159652,0.0350920036435127,0.0853231027722358,0.1440195739269256,-0.1046036556363105,0.0489992462098598,-0.1352754831314087,0.0728457197546958,-0.1172873601317405,-0.0377193540334701,-0.1109294220805168,0.1359869837760925,-0.1406372636556625,-0.0510836839675903,0.0651579052209854,-0.0956228151917457,0.1252461820840835,-0.1439383774995803,0.0065905596129596,0.1047316566109657,0.1039778441190719,-0.0796561986207962,0.0728849247097969,-0.1090710163116455,-0.0210736840963363,0.0723381713032722,-0.0529343038797378,0.093168668448925,0.0915125608444213,0.1458810120820999,0.1357518583536148,-0.0155081702396273,-0.071302443742752,0.0977514684200286,0.0143412332981824,-0.0528791435062885,0.0387880764901638,-0.0446293987333774,-0.100951462984085,0.0222647134214639,0.1255362629890442,0.1233413144946098,-0.1087043657898902,-0.137246161699295,-0.1346076726913452,0.1270798742771148,0.0616389364004135,0.0614094622433185,-0.0285976491868495,-0.0397924035787582,0.1416934430599212,-0.0422713682055473,0.0902820825576782,0.0709253996610641,-0.1266375035047531,0.1405727267265319,-0.1331367045640945,0.1002503484487533,0.1275864988565445,0.0422076471149921,-0.0006285064155235,0.1406382620334625,0.0651484131813049,0.0029080328531563,0.0236680954694747,-0.1172058284282684,0.0874175354838371,-0.0304566472768783,-0.0672879368066787,0.0757513791322708,-0.0218926612287759,-0.0197594631463289,0.1011742576956749,0.1095837280154228,0.0599332526326179,0.0152824763208627,-0.0055445241741836,-0.0885970070958137,0.0828346982598304,0.0149193052202463,-0.1248293295502662,-0.1112445667386055,-0.0360003411769866,-0.0999142155051231,0.0294451769441366,0.0601681545376777,-0.0140005387365818,-0.0094496728852391,-0.0358877331018447,-0.0023741023615002,-0.0412713214755058,0.0143704880028963,0.1201585009694099,0.0626100152730941,0.0292771086096763,-0.0363993681967258,-0.0137133440002799,-0.131533145904541,,,,,,,,,,,,,,,,,,,,,,,,,,,,,,,,,,,,,,,,,,,,,,,,,,,,,,,,,,,,,,,,,,,,,,,,,,,,,,,,,,,,,,,,,,,,,,,,,,,,,,,,,,,,,,,,,,,,,,,,,,,,,,,,,
ankit,-0.1099627539515495,-0.1110317930579185,-0.0869209840893745,-0.0312729887664318,0.1214896887540817,-0.0966355204582214,-0.102722942829132,0.093996487557888,0.0657942369580268,-0.0800023674964904,0.0374138168990612,-0.1186595633625984,0.035665638744831,-0.1091706231236457,-0.1115016192197799,-0.1130335181951522,-0.1389146894216537,-0.0953261256217956,-0.0238424427807331,-0.0570039711892604,0.0739251971244812,-0.0912902951240539,0.0161112044006586,0.1410363614559173,-0.1099598556756973,0.0097332606092095,0.009047795087099,0.1023547947406768,-0.0352246202528476,-0.1327388733625412,0.1315045952796936,0.0350941568613052,0.0853213295340538,0.1440207809209823,-0.1046114042401313,0.0489968433976173,-0.1352743357419967,0.0728399455547332,-0.117278091609478,-0.0377248004078865,-0.1109296232461929,0.1359881460666656,-0.1406444311141967,-0.0510864779353141,0.0651590675115585,-0.0956281572580337,0.1252481043338775,-0.1439397037029266,0.0065880450420081,0.1047349497675895,0.1039717197418212,-0.0796486884355545,0.0728853046894073,-0.109079323709011,-0.0210830979049205,0.0723415911197662,-0.0529349707067012,0.0931670665740966,0.0915110260248184,0.1458785831928253,0.1357501298189163,-0.0155078805983066,-0.0713040456175804,0.0977517440915107,0.0143378498032689,-0.0528735369443893,0.0387864150106906,-0.0446239411830902,-0.1009485051035881,0.0222637839615345,0.1255327463150024,0.1233375146985054,-0.1087008714675903,-0.1372401863336563,-0.1346178352832794,0.1270813643932342,0.0616381652653217,0.0614143423736095,-0.0286028422415256,-0.0397956445813179,0.1416926681995391,-0.0422711558640003,0.0902848467230796,0.0709304139018058,-0.1266360580921173,0.1405745446681976,-0.1331281065940857,0.1002534553408622,0.1275801211595535,0.0422123447060585,-0.0006295036291703,0.1406378895044326,0.0651575997471809,0.0029032849706709,0.0236683264374732,-0.117218017578125,0.0874113216996193,-0.0304579995572567,-0.0672946944832801,0.0757556334137916,-0.0219024755060672,-0.0197501704096794,0.1011799126863479,0.1095755845308303,0.0599301755428314,0.0152862947434186,-0.0055484985932707,-0.0885920152068138,0.0828325450420379,0.0149239478632807,-0.1248244643211364,-0.111246183514595,-0.0360013730823993,-0.0999160706996917,0.0294475518167018,0.0601616613566875,-0.014002245850861,-0.0094490414485335,-0.0358859114348888,-0.002373926108703,-0.0412698797881603,0.0143700614571571,0.1201572716236114,0.0626096278429031,0.029283570125699,-0.0363943427801132,-0.013707154430449,-0.1315328627824783,,,,,,,,,,,,,,,,,,,,,,,,,,,,,,,,,,,,,,,,,,,,,,,,,,,,,,,,,,,,,,,,,,,,,,,,,,,,,,,,,,,,,,,,,,,,,,,,,,,,,,,,,,,,,,,,,,,,,,,,,,,,,,,,,
ankit,-0.1099591553211212,-0.1110361814498901,-0.0869135707616806,-0.0312750339508056,0.1214823126792907,-0.0966347977519035,-0.1027130186557769,0.0939944386482238,0.0657926946878433,-0.0799973979592323,0.0374181419610977,-0.1186698824167251,0.035672016441822,-0.1091688871383667,-0.1115007102489471,-0.1130320504307746,-0.1389176249504089,-0.095332570374012,-0.0238480251282453,-0.0570002682507038,0.0739284083247184,-0.0912921726703643,0.0161072798073291,0.1410403698682785,-0.1099626049399375,0.0097239715978503,0.0090471794828772,0.1023566722869873,-0.0352291315793991,-0.1327360421419143,0.1314992308616638,0.0350882373750209,0.085321120917797,0.1440192013978958,-0.10459865629673,0.0490044429898262,-0.1352710276842117,0.0728427469730377,-0.1172855645418167,-0.0377217903733253,-0.1109373047947883,0.1359926611185073,-0.14064422249794,-0.0510845109820365,0.0651581436395645,-0.0956250429153442,0.1252508461475372,-0.1439333409070968,0.0065910564735531,0.1047281175851821,0.103979542851448,-0.0796549096703529,0.0728908404707908,-0.1090762615203857,-0.0210760682821273,0.072341687977314,-0.0529297851026058,0.0931666493415832,0.0915027111768722,0.1458864063024521,0.1357539594173431,-0.0155078023672103,-0.0713016763329505,0.097752422094345,0.0143378227949142,-0.0528786368668079,0.0387891046702861,-0.044622965157032,-0.1009525433182716,0.022262018173933,0.1255377382040023,0.1233478114008903,-0.1087011694908142,-0.1372498720884323,-0.1346087455749511,0.1270866692066192,0.0616388507187366,0.0614104978740215,-0.0285953935235738,-0.0397919043898582,0.1416866779327392,-0.0422671325504779,0.0902830362319946,0.0709186494350433,-0.1266370862722396,0.1405694633722305,-0.1331303268671035,0.1002516895532608,0.1275832504034042,0.0422103218734264,-0.000625216460321,0.1406435519456863,0.0651461109519004,0.0029073534533381,0.0236707925796508,-0.1172113940119743,0.0874090269207954,-0.0304553043097257,-0.0672869607806205,0.0757488161325454,-0.0218901149928569,-0.0197543743997812,0.1011769473552703,0.109579749405384,0.0599309727549552,0.0152899818494915,-0.0055436347611248,-0.0885892435908317,0.0828311219811439,0.0149131789803504,-0.1248288825154304,-0.1112430170178413,-0.0359963029623031,-0.0999217629432678,0.0294446367770433,0.0601721294224262,-0.0139965936541557,-0.0094498433172702,-0.0358891785144805,-0.0023768935352563,-0.0412792190909385,0.0143713848665356,0.120164506137371,0.0626093000173568,0.029279425740242,-0.0363998040556907,-0.0137106804177165,-0.1315284967422485,,,,,,,,,,,,,,,,,,,,,,,,,,,,,,,,,,,,,,,,,,,,,,,,,,,,,,,,,,,,,,,,,,,,,,,,,,,,,,,,,,,,,,,,,,,,,,,,,,,,,,,,,,,,,,,,,,,,,,,,,,,,,,,,,
ankit,-0.1099626719951629,-0.1110358238220214,-0.0869089812040329,-0.031276274472475,0.1214771568775177,-0.0966370403766632,-0.1027190461754798,0.0939970090985298,0.0657868310809135,-0.0799976214766502,0.0374175533652305,-0.1186724752187728,0.0356680639088153,-0.1091686636209487,-0.1115022674202919,-0.113029159605503,-0.1389121562242508,-0.095328964293003,-0.023843003436923,-0.0569990836083889,0.0739320665597915,-0.0912885144352912,0.0161083694547414,0.1410370916128158,-0.1099594160914421,0.0097291022539138,0.0090447338297963,0.1023565903306007,-0.0352247655391693,-0.1327359229326248,0.1315031498670578,0.035090371966362,0.0853254422545433,0.1440226584672927,-0.1046028658747673,0.0489960722625255,-0.1352696865797042,0.0728471800684928,-0.1172904074192047,-0.0377185195684433,-0.1109346896409988,0.1359912157058715,-0.1406419575214386,-0.0510822348296642,0.0651555359363555,-0.0956259667873382,0.1252499967813491,-0.1439375281333923,0.0065942951478064,0.104725643992424,0.1039749756455421,-0.0796543508768081,0.0728887319564819,-0.1090723499655723,-0.0210777800530195,0.0723417028784751,-0.0529268197715282,0.0931719988584518,0.0915039777755737,0.145890399813652,0.1357553303241729,-0.0155069110915064,-0.071303866803646,0.097754880785942,0.0143398847430944,-0.0528741180896759,0.0387889556586742,-0.044616013765335,-0.100947119295597,0.0222711898386478,0.1255359351634979,0.1233424022793769,-0.1087042987346649,-0.1372500658035278,-0.1346054077148437,0.1270859986543655,0.061636634171009,0.0614142604172229,-0.0285992082208395,-0.0397931523621082,0.141696035861969,-0.0422657094895839,0.0902861878275871,0.070930078625679,-0.1266316920518875,0.1405660510063171,-0.1331246048212051,0.1002535820007324,0.1275809705257415,0.0422081090509891,-0.0006289012380875,0.1406460851430893,0.065144807100296,0.0029097984079271,0.0236755032092332,-0.1172098815441131,0.0874092057347297,-0.030455470085144,-0.0672935619950294,0.075755625963211,-0.0218972396105527,-0.0197599083185195,0.1011763289570808,0.1095770969986915,0.0599316284060478,0.0152890132740139,-0.0055420403368771,-0.0885915607213974,0.0828315913677215,0.0149177201092243,-0.1248360723257064,-0.1112464666366577,-0.0359973311424255,-0.0999196618795394,0.0294446516782045,0.0601712018251419,-0.0139938443899154,-0.0094453077763319,-0.0358875207602977,-0.002380833029747,-0.041272472590208,0.014376288279891,0.1201642379164695,0.0626077502965927,0.0292844846844673,-0.0364029444754123,-0.0137065583840012,-0.1315256357192993,,,,,,,,,,,,,,,,,,,,,,,,,,,,,,,,,,,,,,,,,,,,,,,,,,,,,,,,,,,,,,,,,,,,,,,,,,,,,,,,,,,,,,,,,,,,,,,,,,,,,,,,,,,,,,,,,,,,,,,,,,,,,,,,,
,,,,,,,,,,,,,,,,,,,,,,,,,,,,,,,,,,,,,,,,,,,,,,,,,,,,,,,,,,,,,,,,,,,,,,,,,,,,,,,,,,,,,,,,,,,,,,,,,,,,,,,,,,,,,,,,,,,,,,,,,,,,,,,,,SUNIT DAS,0.1219254210591316,0.0731021016836166,-0.1479950547218322,0.0158405881375074,0.0743728876113891,-0.1428834646940231,-0.0677634850144386,-0.0524976588785648,0.0426034033298492,0.1451352387666702,-0.0444117672741413,0.0098135815933346,-0.075594924390316,0.0124434791505336,-0.0916144922375679,-0.1195379942655563,0.0640563741326332,0.0171457417309284,-0.1100982204079628,-0.1024848669767379,0.1009447202086448,-0.1087210178375244,0.0870252400636673,0.0793730840086937,0.0636490732431411,0.0839745998382568,-0.1463080793619156,0.007416570559144,0.0632113590836525,0.0835741534829139,0.1342900395393371,-0.0048773200251162,0.1286255270242691,-0.136037603020668,0.0147914532572031,0.0056168045848608,-0.0558164753019809,0.01220896653831,0.0717971548438072,-0.0520049072802066,-0.0748478472232818,0.0219456292688846,0.1254649609327316,-0.1461110562086105,-0.0215978436172008,0.1098068356513977,0.1509583592414856,-0.0238002892583608,0.1136126071214675,-0.0987361147999763,-0.1040229573845863,-0.1205798909068107,0.1366772949695587,-0.151257038116455,0.1268990784883499,0.0582058317959308,-0.0384481549263,0.0024174542631953,0.035189215093851,-0.1308610737323761,-0.0360613465309143,0.1031698510050773,0.1407456398010254,-0.130210742354393,0.0476297810673713,0.0638474375009536,0.0986607894301414,-0.0101117445155978,0.0912657007575035,0.0308899283409118,0.0496606566011905,-0.1488440930843353,0.1051326915621757,0.0637786239385604,-0.1129026263952255,-0.0519869923591613,-0.0141659434884786,-0.0060290629044175,-0.1325597912073135,0.1163550168275833,0.0360192917287349,0.0344073288142681,0.0393317714333534,-0.0636366754770279,-0.057206854224205,-0.0357818379998207,-0.1400640159845352,0.0452962778508663,0.1170977279543876,-0.0884632691740989,0.0264718271791934,-0.0912357345223426,0.132350355386734,-0.1166447475552558,0.1180507317185401,0.0176024585962295,0.0931394398212432,-0.0448572263121604,0.0023999293334782,-0.1110547631978988,0.0248002912849187,-0.0242231488227844,0.0596977323293685,0.0757607892155647,0.0552026256918907,0.0060262787155807,0.0974179655313491,0.0984945595264434,0.1020165458321571,-0.1290548890829086,0.0850432589650154,-0.0264549404382705,0.1068217232823371,0.0431062541902065,0.0229054912924766,-0.1373073160648346,0.0295525696128606,0.1499349325895309,0.0968357771635055,-0.1322323828935623,0.0282476712018251,0.0529769882559776,-0.1224039644002914,-0.0287576913833618,-0.0791862085461616,-0.023825779557228,-0.0746855959296226,-0.1245147883892059
,,,,,,,,,,,,,,,,,,,,,,,,,,,,,,,,,,,,,,,,,,,,,,,,,,,,,,,,,,,,,,,,,,,,,,,,,,,,,,,,,,,,,,,,,,,,,,,,,,,,,,,,,,,,,,,,,,,,,,,,,,,,,,,,,SUNIT DAS,0.121925264596939,0.0730926916003227,-0.1479989290237426,0.0158386025577783,0.0743719413876533,-0.1428819745779037,-0.0677665844559669,-0.0524882078170776,0.0426049642264843,0.1451396346092224,-0.0444120354950428,0.0098151583224534,-0.0755943730473518,0.0124460868537426,-0.0916213393211364,-0.1195361241698265,0.0640506669878959,0.0171483568847179,-0.1100987643003463,-0.102480374276638,0.1009515449404716,-0.1087165474891662,0.0870241224765777,0.0793725699186325,0.0636481568217277,0.0839690417051315,-0.1463103294372558,0.0074127074331045,0.0632148087024688,0.0835668742656707,0.1342876702547073,-0.0048753516748547,0.1286212503910064,-0.1360354721546173,0.0147871105000376,0.0056231147609651,-0.0558132156729698,0.0122091770172119,0.0717964768409729,-0.0520060062408447,-0.0748461037874221,0.0219498351216316,0.1254653632640838,-0.146115705370903,-0.021596223115921,0.1098136380314827,0.1509616672992706,-0.0238029435276985,0.1136229336261749,-0.0987416133284568,-0.104019246995449,-0.1205739974975586,0.1366773247718811,-0.1512526720762252,0.1268935203552246,0.0582063198089599,-0.0384421348571777,0.0024158810265362,0.0351925902068614,-0.1308558881282806,-0.0360585823655128,0.1031694188714027,0.1407423615455627,-0.1302114427089691,0.0476333014667034,0.0638461336493492,0.0986652970314025,-0.0101145906373858,0.0912727117538452,0.0308868326246738,0.0496608279645442,-0.1488396525382995,0.1051304563879966,0.0637798011302948,-0.1129017695784568,-0.0519941374659538,-0.0141662582755088,-0.0060243597254157,-0.1325640976428985,0.1163582280278205,0.0360104292631149,0.0344072356820106,0.0393308587372303,-0.0636389851570129,-0.0572198219597339,-0.0357800051569938,-0.1400665789842605,0.0452965758740901,0.1170938313007354,-0.0884677097201347,0.0264760740101337,-0.0912337228655815,0.1323526799678802,-0.1166499331593513,0.1180497333407402,0.0176034457981586,0.0931414887309074,-0.0448644198477268,0.0024042362347245,-0.111053243279457,0.0247960109263658,-0.0242297109216451,0.0596962757408618,0.0757621377706527,0.0551973134279251,0.0060250661335885,0.0974182188510894,0.0984908938407898,0.1020199656486511,-0.1290477216243744,0.0850467309355735,-0.0264461413025856,0.1068205386400222,0.0431146435439586,0.0228965394198894,-0.1373064219951629,0.029541790485382,0.1499368250370025,0.0968353971838951,-0.1322365254163742,0.0282526072114706,0.0529705397784709,-0.12239870429039,-0.02875442430377,-0.0791864320635795,-0.0238256715238094,-0.0746944174170494,-0.1245141178369522
,,,,,,,,,,,,,,,,,,,,,,,,,,,,,,,,,,,,,,,,,,,,,,,,,,,,,,,,,,,,,,,,,,,,,,,,,,,,,,,,,,,,,,,,,,,,,,,,,,,,,,,,,,,,,,,,,,,,,,,,,,,,,,,,,SUNIT DAS,0.1219246238470077,0.0731097981333732,-0.1479967087507248,0.0158416796475648,0.0743681490421295,-0.1428772509098053,-0.0677627399563789,-0.0524972677230834,0.0425979569554328,0.1451326608657837,-0.0444197468459606,0.0098070763051509,-0.0755962058901786,0.0124446237459778,-0.0916118994355201,-0.1195244416594505,0.0640594884753227,0.0171359051018953,-0.1101009771227836,-0.1024913117289543,0.1009450852870941,-0.1087222322821617,0.0870217755436897,0.079372264444828,0.0636508166790008,0.0839673727750778,-0.1463022381067276,0.0074191284365952,0.063204638659954,0.0835681483149528,0.1342910081148147,-0.0048674186691641,0.1286378055810928,-0.1360410004854202,0.0147844711318612,0.0056254011578857,-0.0558087602257728,0.0122079420834779,0.071789413690567,-0.0519950129091739,-0.0748403221368789,0.0219424180686473,0.1254718154668808,-0.1461181193590164,-0.0215911604464054,0.1098163053393364,0.1509543508291244,-0.0237839110195636,0.1136170923709869,-0.098739318549633,-0.1040279269218444,-0.1205792054533958,0.1366870552301406,-0.1512544900178909,0.1269030719995498,0.0582125186920166,-0.0384461730718612,0.0024241169448941,0.0351974479854106,-0.1308585852384567,-0.0360654518008232,0.1031721606850624,0.1407504230737686,-0.1302130669355392,0.0476268827915191,0.0638406574726104,0.098657488822937,-0.0101113021373748,0.0912755131721496,0.0308957733213901,0.049661036580801,-0.1488377898931503,0.1051285490393638,0.0637842789292335,-0.1129051595926284,-0.0519835576415061,-0.0141627835109829,-0.0060354736633598,-0.1325549185276031,0.1163486242294311,0.0360026322305202,0.03440847620368,0.0393376015126705,-0.063628502190113,-0.0572107806801795,-0.0357648096978664,-0.1400680840015411,0.0452894829213619,0.1171007752418518,-0.0884604528546333,0.0264795832335948,-0.0912354215979576,0.1323529481887817,-0.1166508793830871,0.1180480271577835,0.0176027566194534,0.0931391045451164,-0.0448612309992313,0.0023870035074651,-0.1110454723238945,0.0247933771461248,-0.0242206882685422,0.0596970319747924,0.0757573246955871,0.0552038289606571,0.006022925954312,0.0974081158638,0.0985042676329612,0.1020144894719123,-0.1290571838617324,0.0850449651479721,-0.0264406371861696,0.1068277955055236,0.0431030094623565,0.0229035317897796,-0.1373138427734375,0.0295551139861345,0.1499392837285995,0.0968352705240249,-0.132233515381813,0.0282424930483102,0.0529752001166343,-0.1224046200513839,-0.0287643447518348,-0.079187624156475,-0.023820636793971,-0.0746790468692779,-0.1245142295956611
,,,,,,,,,,,,,,,,,,,,,,,,,,,,,,,,,,,,,,,,,,,,,,,,,,,,,,,,,,,,,,,,,,,,,,,,,,,,,,,,,,,,,,,,,,,,,,,,,,,,,,,,,,,,,,,,,,,,,,,,,,,,,,,,,SUNIT DAS,0.1219256296753883,0.0731036812067031,-0.1479927748441696,0.0158317722380161,0.0743671432137489,-0.1428825855255127,-0.0677651911973953,-0.0524968765676021,0.0426185019314289,0.1451325118541717,-0.0444094575941562,0.0098121333867311,-0.0755971521139144,0.0124444887042045,-0.09161938726902,-0.1195464059710502,0.0640618428587913,0.0171419829130172,-0.1101073250174522,-0.1024773865938186,0.1009408086538314,-0.1087142154574394,0.0870289131999015,0.0793730244040489,0.0636525303125381,0.0839704871177673,-0.1462993025779724,0.0074082040227949,0.0632198229432106,0.0835689827799797,0.1342890560626983,-0.0048842849209904,0.1286222636699676,-0.1360390931367874,0.0147935487329959,0.0056195347569882,-0.0558125302195549,0.0122111523523926,0.0717866569757461,-0.0520160309970378,-0.0748470723628997,0.0219425186514854,0.1254629641771316,-0.1461066901683807,-0.0216031689196825,0.1098065674304962,0.1509667783975601,-0.0238033086061477,0.1136198937892913,-0.0987359136343002,-0.1040223017334938,-0.1205742359161377,0.1366797238588333,-0.1512657105922699,0.1268934309482574,0.0582094751298427,-0.0384559333324432,0.0024155084975063,0.0351988561451435,-0.1308527737855911,-0.0360610634088516,0.1031655371189117,0.1407485008239746,-0.1302137672901153,0.0476218089461326,0.0638564229011535,0.0986649245023727,-0.010115117765963,0.0912727713584899,0.0308832079172134,0.0496627353131771,-0.1488332003355026,0.1051351651549339,0.0637675449252128,-0.1128999516367912,-0.0519898645579814,-0.0141612095758318,-0.0060300915502011,-0.1325597018003463,0.1163637936115264,0.0360171236097812,0.0344047956168651,0.039327785372734,-0.0636348873376846,-0.0572123453021049,-0.0357907339930534,-0.1400674283504486,0.0453011281788349,0.1171000823378562,-0.0884654372930526,0.0264871455729007,-0.0912483036518096,0.1323580145835876,-0.1166430488228797,0.1180494502186775,0.0175913758575916,0.0931491032242775,-0.0448606461286544,0.0023965018335729,-0.1110556796193122,0.024800356477499,-0.0242246147245168,0.0596951022744178,0.075762428343296,0.0551991164684295,0.006032028235495,0.0974081456661224,0.0984892472624778,0.1020190641283989,-0.1290534734725952,0.0850485041737556,-0.0264464225620031,0.1068142503499984,0.04310829564929,0.0229104738682508,-0.1373025476932525,0.0295569915324449,0.1499305665493011,0.096828393638134,-0.1322285085916519,0.0282619893550872,0.0529757030308246,-0.1223996803164482,-0.0287587475031614,-0.079186663031578,-0.0238249916583299,-0.0746847912669181,-0.1245152354240417
,,,,,,,,,,,,,,,,,,,,,,,,,,,,,,,,,,,,,,,,,,,,,,,,,,,,,,,,,,,,,,,,,,,,,,,,,,,,,,,,,,,,,,,,,,,,,,,,,,,,,,,,,,,,,,,,,,,,,,,,,,,,,,,,,SUNIT DAS,0.121919922530651,0.0731068924069404,-0.1479953676462173,0.0158498659729957,0.0743826925754547,-0.1428805887699127,-0.067769169807434,-0.0524956211447715,0.0425975583493709,0.145139068365097,-0.0444240942597389,0.009819209575653,-0.0755892246961593,0.0124426670372486,-0.0916215032339096,-0.1195346489548683,0.0640480369329452,0.0171410646289587,-0.1101011112332344,-0.1024897247552871,0.1009502559900283,-0.1087191328406333,0.0870228260755539,0.0793663933873176,0.0636398866772651,0.0839682891964912,-0.1463195830583572,0.00741853332147,0.0632100477814674,0.0835697650909423,0.1342919915914535,-0.00488100387156,0.1286234706640243,-0.1360341906547546,0.0147884879261255,0.0056216777302324,-0.0558144971728324,0.0122093064710497,0.0717984214425087,-0.0520043075084686,-0.0748479515314102,0.0219454485923051,0.1254673600196838,-0.1461072266101837,-0.0215904917567968,0.1098140180110931,0.1509497314691543,-0.0238024853169918,0.1136172041296958,-0.0987455397844314,-0.1040201857686042,-0.1205843165516853,0.1366830468177795,-0.1512515991926193,0.126899853348732,0.0582100413739681,-0.0384378619492054,0.0024199297185987,0.035184871405363,-0.130862146615982,-0.0360593423247337,0.1031698510050773,0.1407424956560135,-0.1302067935466766,0.0476270020008087,0.0638375580310821,0.0986563712358474,-0.0101138893514871,0.0912706404924392,0.0308922920376062,0.0496587008237838,-0.1488408297300338,0.1051335409283638,0.0637745335698127,-0.1128972396254539,-0.0519918836653232,-0.0141647709533572,-0.0060215699486434,-0.1325600743293762,0.1163564473390579,0.0360125079751014,0.0344095267355442,0.0393388792872428,-0.0636369511485099,-0.0572044998407363,-0.0357735902070999,-0.14007169008255,0.0452940315008163,0.1170951798558235,-0.088466539978981,0.0264732893556356,-0.0912303775548935,0.1323530077934265,-0.1166499927639961,0.1180494576692581,0.0176043827086687,0.0931338220834732,-0.0448638424277305,0.0023997984826564,-0.1110452786087989,0.0247988160699605,-0.0242308992892503,0.0596991889178752,0.0757600665092468,0.0552019029855728,0.0060167415067553,0.0974179655313491,0.0984962806105613,0.1020221412181854,-0.1290395110845565,0.0850430428981781,-0.026445060968399,0.1068266853690147,0.0431064441800117,0.0229038018733263,-0.1373111456632614,0.0295432973653078,0.1499339193105697,0.0968381762504577,-0.1322358697652816,0.0282440222799778,0.0529851168394088,-0.1224034130573272,-0.0287566184997558,-0.0791893303394317,-0.0238317307084798,-0.0746994167566299,-0.1245156899094581
,,,,,,,,,,,,,,,,,,,,,,,,,,,,,,,,,,,,,,,,,,,,,,,,,,,,,,,,,,,,,,,,,,,,,,,,,,,,,,,,,,,,,,,,,,,,,,,,,,,,,,,,,,,,,,,,,,,,,,,,,,,,,,,,,SUNIT DAS,0.1219269633293151,0.0731033384799957,-0.147995188832283,0.0158461928367614,0.0743762403726577,-0.1428795307874679,-0.0677669718861579,-0.0524980090558528,0.0426016934216022,0.1451369524002075,-0.0444150604307651,0.0098168104887008,-0.0755921453237533,0.0124476263299584,-0.0916209369897842,-0.1195382103323936,0.0640531703829765,0.0171396844089031,-0.1101038232445716,-0.1024884507060051,0.1009514033794403,-0.1087212264537811,0.087023802101612,0.0793660208582878,0.063643105328083,0.0839699953794479,-0.146311953663826,0.0074163386598229,0.0632120296359062,0.0835723429918289,0.1342906653881073,-0.0048785642720758,0.1286231428384781,-0.1360331773757934,0.0147898541763424,0.0056208898313343,-0.055813405662775,0.0122124450281262,0.0717921704053878,-0.0520049929618835,-0.0748493373394012,0.0219419989734888,0.1254695206880569,-0.1461124420166015,-0.0215925313532352,0.1098168343305587,0.1509577184915542,-0.0238004587590694,0.1136220097541809,-0.0987386777997016,-0.1040200367569923,-0.1205822601914405,0.1366751939058303,-0.1512521207332611,0.12689770758152,0.0582110323011875,-0.0384499952197074,0.0024172463454306,0.0351894050836563,-0.1308633685111999,-0.0360586382448673,0.1031717360019683,0.140744924545288,-0.1302105039358139,0.0476277433335781,0.0638458281755447,0.0986652895808219,-0.0101122027263045,0.0912647992372512,0.0308908633887767,0.0496628917753696,-0.1488359123468399,0.1051368862390518,0.0637734457850456,-0.1128976121544838,-0.0519886277616024,-0.0141594698652625,-0.0060237138532102,-0.1325617581605911,0.1163523569703102,0.036012053489685,0.0344059616327285,0.0393366068601608,-0.0636350885033607,-0.0572108142077922,-0.0357783176004886,-0.1400649696588516,0.0452948622405529,0.1170950457453727,-0.0884680747985839,0.026474542915821,-0.0912362113595008,0.1323482990264892,-0.1166482344269752,0.1180495396256446,0.0176048502326011,0.0931381210684776,-0.0448619350790977,0.0023975144140422,-0.1110541000962257,0.0247980188578367,-0.0242299195379018,0.0596950314939022,0.0757629722356796,0.0551983378827571,0.0060233497060835,0.0974149033427238,0.0984895229339599,0.1020183563232421,-0.1290455609560012,0.0850453823804855,-0.0264468658715486,0.1068244725465774,0.0431116260588169,0.0229021366685628,-0.1373090296983719,0.0295447576791048,0.1499339789152145,0.0968340411782264,-0.1322356015443802,0.0282467696815729,0.0529807358980178,-0.1224009171128273,-0.0287612024694681,-0.0791869089007377,-0.0238261763006448,-0.0746913701295852,-0.1245120465755462
,,,,,,,,,,,,,,,,,,,,,,,,,,,,,,,,,,,,,,,,,,,,,,,,,,,,,,,,,,,,,,,,,,,,,,,,,,,,,,,,,,,,,,,,,,,,,,,,,,,,,,,,,,,,,,,,,,,,,,,,,,,,,,,,,SUNIT DAS,0.1219226568937301,0.0731039717793464,-0.1479884088039398,0.0158477332442998,0.0743776261806488,-0.1428845524787902,-0.0677621513605117,-0.052494965493679,0.0426049754023551,0.1451372504234314,-0.0444048717617988,0.0098197422921657,-0.0755944028496742,0.0124440845102071,-0.0916285514831543,-0.1195194199681282,0.0640566796064376,0.0171315222978591,-0.1101009845733642,-0.1024852469563484,0.1009433269500732,-0.1087221428751945,0.0870257019996643,0.0793702900409698,0.063650257885456,0.0839645341038703,-0.1462984234094619,0.0074132760055363,0.0632112324237823,0.0835751891136169,0.1342983841896057,-0.0048692570999264,0.1286262720823288,-0.1360344886779785,0.0147946728393435,0.005612825974822,-0.0558129958808422,0.0122112371027469,0.0718017667531967,-0.0520023703575134,-0.0748425796627998,0.021939730271697,0.125463381409645,-0.146115630865097,-0.0215871222317218,0.1098111867904663,0.1509507000446319,-0.0237960144877433,0.1136191934347152,-0.0987468734383583,-0.1040233224630355,-0.120578646659851,0.1366811394691467,-0.1512570828199386,0.1268855184316635,0.0582127645611763,-0.0384500063955783,0.0024211835116147,0.0351941101253032,-0.1308603137731552,-0.0360591560602188,0.103176936507225,0.1407511234283447,-0.1302042305469513,0.0476267747581005,0.0638410896062851,0.0986668765544891,-0.0101100178435444,0.0912750884890556,0.0308965370059013,0.0496619716286659,-0.1488473117351532,0.1051243916153907,0.0637774839997291,-0.1128973141312599,-0.0519943311810493,-0.0141749801114201,-0.0060239084996283,-0.1325611025094986,0.1163510903716087,0.0360091738402843,0.0344137623906135,0.0393369011580944,-0.0636321753263473,-0.0572145208716392,-0.0357719436287879,-0.140071615576744,0.045297734439373,0.1170966699719429,-0.0884686931967735,0.0264817103743553,-0.0912390127778053,0.1323538571596145,-0.1166566535830497,0.1180550828576088,0.0176070965826511,0.0931429788470268,-0.0448642522096633,0.0023910424206405,-0.11105377972126,0.0247925836592912,-0.0242294892668724,0.0596954636275768,0.0757645517587661,0.0552014634013175,0.006028460804373,0.097413420677185,0.0985041558742523,0.1020214259624481,-0.1290430426597595,0.0850431993603706,-0.0264407824724912,0.1068166717886924,0.0431113913655281,0.0229115784168243,-0.1373040229082107,0.0295471549034118,0.1499276757240295,0.0968368425965309,-0.132232129573822,0.0282463692128658,0.0529745556414127,-0.1224070936441421,-0.028758542612195,-0.0791889503598213,-0.0238232240080833,-0.0746870264410972,-0.1245106980204582
,,,,,,,,,,,,,,,,,,,,,,,,,,,,,,,,,,,,,,,,,,,,,,,,,,,,,,,,,,,,,,,,,,,,,,,,,,,,,,,,,,,,,,,,,,,,,,,,,,,,,,,,,,,,,,,,,,,,,,,,,,,,,,,,,SUNIT DAS,0.1219314783811569,0.0730990394949913,-0.1480039954185485,0.0158441960811615,0.0743604749441146,-0.1428816020488739,-0.0677628517150878,-0.0524919927120208,0.0426135100424289,0.1451272666454315,-0.044403102248907,0.0098059782758355,-0.0755989924073219,0.0124535942450165,-0.091620534658432,-0.1195366382598877,0.064061164855957,0.0171376764774322,-0.1101045235991478,-0.1024812534451484,0.1009497120976448,-0.1087150275707244,0.0870247110724449,0.0793742090463638,0.0636481046676635,0.0839674770832061,-0.1462932676076889,0.007412739098072,0.0632082968950271,0.0835557803511619,0.1342784166336059,-0.0048787556588649,0.1286302357912063,-0.136034607887268,0.0147826392203569,0.0056244959123432,-0.0558136254549026,0.0122161470353603,0.0717831626534462,-0.0520081259310245,-0.074836790561676,0.0219451580196619,0.1254643946886062,-0.1461158096790313,-0.0216006357222795,0.1098089069128036,0.1509671807289123,-0.023788983002305,0.1136229410767555,-0.0987205430865287,-0.1040221974253654,-0.1205747202038765,0.1366757154464721,-0.1512570828199386,0.1268989890813827,0.0582141652703285,-0.0384640768170356,0.0024125818163156,0.0351953767240047,-0.1308487951755523,-0.0360712632536888,0.1031711846590042,0.1407548189163208,-0.1302195340394973,0.0476382859051227,0.0638496950268745,0.0986701101064682,-0.01011663954705,0.0912737697362899,0.0308889206498861,0.0496674478054046,-0.1488421410322189,0.1051314920186996,0.0637774616479873,-0.1129042878746986,-0.0519844219088554,-0.0141551177948713,-0.0060323043726384,-0.1325626820325851,0.116364762187004,0.0360051840543746,0.034399040043354,0.0393250584602355,-0.0636270120739936,-0.0572251938283443,-0.0357898361980915,-0.140069231390953,0.0452936328947544,0.1170970126986503,-0.0884682536125183,0.0264774058014154,-0.0912381410598754,0.1323505938053131,-0.1166427955031395,0.1180545017123222,0.0175981614738702,0.09315075725317,-0.0448642894625663,0.0023905977141112,-0.1110606044530868,0.0247905440628528,-0.0242140777409076,0.0596930012106895,0.0757686346769332,0.0552021637558937,0.0060337386094033,0.0974055007100105,0.0984943956136703,0.1020143330097198,-0.1290571242570877,0.08504169434309,-0.0264464560896158,0.1068178489804267,0.0431106239557266,0.0229098927229642,-0.1373104155063629,0.0295537300407886,0.1499355882406234,0.0968292132019996,-0.1322348266839981,0.0282611120492219,0.052969567477703,-0.1223982349038124,-0.0287598054856061,-0.0791915357112884,-0.0238234363496303,-0.0746854096651077,-0.1245089545845985
,,,,,,,,,,,,,,,,,,,,,,,,,,,,,,,,,,,,,,,,,,,,,,,,,,,,,,,,,,,,,,,,,,,,,,,,,,,,,,,,,,,,,,,,,,,,,,,,,,,,,,,,,,,,,,,,,,,,,,,,,,,,,,,,,SUNIT DAS,0.1219272017478942,0.07309240847826,-0.1479949504137039,0.0158235020935535,0.0743642598390579,-0.1428838968276977,-0.0677627846598625,-0.0524965189397335,0.0426139719784259,0.1451358497142791,-0.0444035716354846,0.0098121473565697,-0.0756012126803398,0.0124491080641746,-0.0916152521967887,-0.1195372566580772,0.0640584975481033,0.0171535089612007,-0.1100982427597045,-0.1024699434638023,0.1009436845779419,-0.1087160781025886,0.0870257318019867,0.0793781504034996,0.0636578127741813,0.0839657410979271,-0.1462931632995605,0.0074171386659145,0.0632213875651359,0.0835651159286499,0.1342867016792297,-0.0048687974922358,0.1286243200302124,-0.1360364109277725,0.0147838741540908,0.005626477766782,-0.0558201819658279,0.0122106783092021,0.0717808604240417,-0.0520101487636566,-0.074844904243946,0.0219525154680013,0.1254642158746719,-0.1461213231086731,-0.0216088593006134,0.1098081842064857,0.1509783565998077,-0.0238037817180156,0.1136218234896659,-0.0987314954400062,-0.1040149182081222,-0.1205622032284736,0.1366692632436752,-0.1512577831745147,0.1268960088491439,0.0582125633955001,-0.0384588986635208,0.0024132949765771,0.0352005586028099,-0.1308474987745285,-0.0360611043870449,0.103166788816452,0.1407578438520431,-0.1302192211151123,0.0476389043033123,0.0638556331396102,0.0986684784293174,-0.0101129887625575,0.091274119913578,0.0308885369449853,0.0496768839657306,-0.1488399356603622,0.1051345616579055,0.0637810677289962,-0.112910658121109,-0.0519886910915374,-0.0141590377315878,-0.0060333064757287,-0.1325732767581939,0.1163653060793876,0.0360130332410335,0.0344021692872047,0.0393181145191192,-0.0636414214968681,-0.0572302713990211,-0.0357874482870101,-0.1400671601295471,0.0452999174594879,0.1170911267399787,-0.0884650871157646,0.0264815688133239,-0.0912379920482635,0.1323558390140533,-0.116650678217411,0.1180472075939178,0.0176061056554317,0.0931419506669044,-0.0448617152869701,0.0023941968102008,-0.1110572889447212,0.0247864667326211,-0.0242236834019422,0.0596939362585544,0.0757711008191108,0.0551966354250907,0.0060321362689137,0.0974142104387283,0.0984861627221107,0.1020156741142273,-0.1290560811758041,0.0850504636764526,-0.0264490041881799,0.1068134382367134,0.0431160479784011,0.0229039601981639,-0.1372937709093094,0.0295446999371051,0.1499344706535339,0.0968317836523056,-0.1322289258241653,0.028268214315176,0.0529642291367054,-0.1223937720060348,-0.0287537984549999,-0.079184390604496,-0.0238308887928724,-0.0746837258338928,-0.1245075911283493
,,,,,,,,,,,,,,,,,,,,,,,,,,,,,,,,,,,,,,,,,,,,,,,,,,,,,,,,,,,,,,,,,,,,,,,,,,,,,,,,,,,,,,,,,,,,,,,,,,,,,,,,,,,,,,,,,,,,,,,,,,,,,,,,,SUNIT DAS,0.1219214498996734,0.0731051936745643,-0.1479973495006561,0.0158388689160347,0.0743770599365234,-0.1428816765546798,-0.0677674934267997,-0.0525002852082252,0.0426073893904686,0.1451356559991836,-0.0444163270294666,0.0098188864067196,-0.0755937471985817,0.0124430302530527,-0.0916216745972633,-0.1195398941636085,0.0640532374382019,0.0171405356377363,-0.1101016625761985,-0.1024835631251335,0.1009476408362388,-0.108717568218708,0.0870264247059822,0.079367808997631,0.063646376132965,0.0839694589376449,-0.1463104337453842,0.0074190185405313,0.063213862478733,0.0835699364542961,0.1342924684286117,-0.0048817070201039,0.1286248117685318,-0.1360371559858322,0.0147878918796777,0.0056186462752521,-0.055812980979681,0.0122113293036818,0.0717950090765953,-0.0520055331289768,-0.0748440101742744,0.0219470355659723,0.1254666894674301,-0.1461109220981598,-0.0215912349522113,0.1098057776689529,0.1509575843811035,-0.0237989239394664,0.1136219426989555,-0.0987399220466613,-0.104020707309246,-0.1205808371305465,0.1366785913705825,-0.1512557715177536,0.1268962174654007,0.0582079887390136,-0.0384480208158493,0.0024175215512514,0.0351906977593898,-0.1308599114418029,-0.0360612086951732,0.1031710878014564,0.1407472938299179,-0.1302101165056228,0.0476258993148803,0.0638470202684402,0.0986583456397056,-0.0101152257993817,0.0912689939141273,0.0308904387056827,0.0496634617447853,-0.1488398760557174,0.1051366776227951,0.063772439956665,-0.1128990352153778,-0.0519902147352695,-0.0141602903604507,-0.0060259033925831,-0.1325566321611404,0.1163548678159713,0.0360135324299335,0.0344087183475494,0.0393354371190071,-0.0636390149593353,-0.0572070963680744,-0.0357783250510692,-0.1400656998157501,0.045297373086214,0.1170935705304145,-0.0884676277637481,0.0264745503664016,-0.0912329107522964,0.1323546171188354,-0.1166487410664558,0.1180523112416267,0.0176027975976467,0.0931379571557045,-0.0448615625500679,0.0023929011076688,-0.1110479235649108,0.0248005539178848,-0.0242302119731903,0.05969750136137,0.075760431587696,0.0552027001976966,0.0060243508778512,0.097416453063488,0.0984946340322494,0.1020212844014167,-0.1290478110313415,0.0850457474589347,-0.0264449194073677,0.1068237796425819,0.0431051291525363,0.022908866405487,-0.1373060047626495,0.0295448619872331,0.1499329060316085,0.0968334898352623,-0.1322339624166488,0.0282481256872415,0.0529777780175209,-0.1224029213190078,-0.0287576336413621,-0.0791886448860168,-0.0238290317356586,-0.07468893378973,-0.1245132088661193
